periode_data,kota_kabupaten,kecamatan,jumlah_penduduk,kepadatan_penduduk,nama_fasilitas,jenis_fasilitas,latitude,longtitude,,,,,,
2023,JAKARTA UTARA,PENJARINGAN,"329,789","8,982",GOR Kamal Muara,Gelanggang ,-6095975,106722011,,,,,,
2023,JAKARTA UTARA,PENJARINGAN,"329,789","8,982",Stadion dan GOR Kamal Muara,Sepak Bola,-6095975,106722011,,,,,,
2023,JAKARTA UTARA,PENJARINGAN,"329,789","8,982",Lapangan Ingub Muara Angke,Sepak Bola,-6108447,106772793,,,,,,
2023,JAKARTA UTARA,PENJARINGAN,"329,789","8,982",GOR Kamal Muara,Gelanggang ,-6095975,106722011,,,,,,
2023,JAKARTA UTARA,PENJARINGAN,"329,789","8,982",Stadion dan GOR Kamal Muara,Sepak Bola,-6095975,106722011,,,,,,
2023,JAKARTA UTARA,PENJARINGAN,"329,789","8,982",Lapangan Ingub Muara Angke,Sepak Bola,-6108447,106772793,,,,,,
2023,JAKARTA UTARA,TANJUNG PRIOK,"422,294","18,719",Gelanggang Remaja Kecamatan Tanjung Priok,Gelanggang ,-613901,10687148,,,,,,
2023,JAKARTA UTARA,TANJUNG PRIOK,"422,294","18,719",Gelanggang Olahraga Sunter,Gelanggang ,"-61,726,732,006,241","10,682,021,678,466",,,,,,
2023,JAKARTA UTARA,TANJUNG PRIOK,"422,294","18,719",Jakarta International Roller Track Arena,Sepatu Roda,-61467,10687843,,,,,,
2023,JAKARTA UTARA,TANJUNG PRIOK,"422,294","18,719",Kolam Renang GOR Sunter,Renang,"-61,726,732,006,241",1.0682E+14,,,,,,
2023,JAKARTA UTARA,TANJUNG PRIOK,"422,294","18,719",Gedung Bulutangkis GOR Sunter,Bulutangkis,-614772,10687631,,,,,,
2023,JAKARTA UTARA,TANJUNG PRIOK,"422,294","18,719",Gedung Serbaguna Sunter,Gelanggang ,-614766,10687561,,,,,,
2023,JAKARTA UTARA,TANJUNG PRIOK,"422,294","18,719",Stadion Sepakbola GOR Sunter,Sepak Bola,-6146668,106875611,,,,,,
2023,JAKARTA UTARA,TANJUNG PRIOK,"422,294","18,719",Kolam Renang GOR Sunter,Renang,"-61,726,732,006,241",1.0682E+14,,,,,,
2023,JAKARTA UTARA,TANJUNG PRIOK,"422,294","18,719",Gedung Bulutangkis GOR Sunter,Bulutangkis,-614772,10687631,,,,,,
2023,JAKARTA UTARA,TANJUNG PRIOK,"422,294","18,719",Gedung Serbaguna Sunter,Gelanggang ,-614766,10687561,,,,,,
2023,JAKARTA UTARA,TANJUNG PRIOK,"422,294","18,719",Gelanggang Remaja Kecamatan Tanjung Priok,Gelanggang ,-613901,10687148,,,,,,
2023,JAKARTA UTARA,TANJUNG PRIOK,"422,294","18,719",Gelanggang Olahraga Sunter,Gelanggang ,"-61,726,732,006,241","10,682,021,678,466",,,,,,
2023,JAKARTA UTARA,TANJUNG PRIOK,"422,294","18,719",Jakarta International Roller Track Arena,Sepatu Roda,-61467,10687843,,,,,,
2023,JAKARTA UTARA,TANJUNG PRIOK,"422,294","18,719",Stadion Sepakbola GOR Sunter,Sepak Bola,-6146668,106875611,,,,,,
2023,JAKARTA UTARA,KOJA,"352,474","30,481",Gedung Olahraga (GOR) Jakarta Utara,Gelanggang ,-611874,10689272,,,,,,
2023,JAKARTA UTARA,KOJA,"352,474","30,481",Gelanggang Remaja Kecamatan Koja,Gelanggang ,-61324,10691392,,,,,,
2023,JAKARTA UTARA,KOJA,"352,474","30,481",Stadion Sepakbola Rawabadak,Sepak Bola,-6124943,106897724,,,,,,
2023,JAKARTA UTARA,KOJA,"352,474","30,481",Wall Climbing Stadion Rawabadak,Panjat Tebing,-61241,10689789,,,,,,
2023,JAKARTA UTARA,KOJA,"352,474","30,481",Kolam Renang Rawabadak,Renang,-6126227,106897791,,,,,,
2023,JAKARTA UTARA,KOJA,"352,474","30,481",Lapangan Tenis Rawabadak,Tenis,-61241,10689789,,,,,,
2023,JAKARTA UTARA,KOJA,"352,474","30,481",Stadion Sepakbola Rawabadak,Sepak Bola,-6124943,106897724,,,,,,
2023,JAKARTA UTARA,KOJA,"352,474","30,481",Wall Climbing Stadion Rawabadak,Panjat Tebing,-61241,10689789,,,,,,
2023,JAKARTA UTARA,KOJA,"352,474","30,481",Kolam Renang Rawabadak,Renang,-6126227,106897791,,,,,,
2023,JAKARTA UTARA,KOJA,"352,474","30,481",Lapangan Tenis Rawabadak,Tenis,-61241,10689789,,,,,,
2023,JAKARTA UTARA,KOJA,"352,474","30,481",Gedung Olahraga (GOR) Jakarta Utara,Gelanggang ,-611874,10689272,,,,,,
2023,JAKARTA UTARA,KOJA,"352,474","30,481",Gelanggang Remaja Kecamatan Koja,Gelanggang ,-61324,10691392,,,,,,
2023,JAKARTA UTARA,CILINCING,"453,027","10,866",Gedung Serbaguna Semper Barat,Gelanggang ,-612589,10692521,,,,,,
2023,JAKARTA UTARA,CILINCING,"453,027","10,866",Gelanggang Olahraga (GOR) Sekda Saefullah,Gelanggang ,-6136907,106965651,,,,,,
2023,JAKARTA UTARA,CILINCING,"453,027","10,866",Lapangan Sepakbola Sintetis GOR Sekda Saefullah,Sepak Bola,-6136907,106965651,,,,,,
2023,JAKARTA UTARA,CILINCING,"453,027","10,866",Tenis Lapangan GOR Sekda Saefullah,Tenis,-6136907,106965651,,,,,,
2023,JAKARTA UTARA,CILINCING,"453,027","10,866",Lapangan Sepakbola Kalibaru,Sepak Bola,-6101197,106924907,,,,,,
2023,JAKARTA UTARA,CILINCING,"453,027","10,866",Lapangan Sepakbola Rorotan,Sepak Bola,-6138961,106955082,,,,,,
2023,JAKARTA UTARA,CILINCING,"453,027","10,866",Gedung Serbaguna Semper Barat,Gelanggang ,-612589,10692521,,,,,,
2023,JAKARTA UTARA,CILINCING,"453,027","10,866",Gelanggang Olahraga (GOR) Sekda Saefullah,Gelanggang ,-6136907,106965651,,,,,,
2023,JAKARTA UTARA,CILINCING,"453,027","10,866",Lapangan Sepakbola Sintetis GOR Sekda Saefullah,Sepak Bola,-6136907,106965651,,,,,,
2023,JAKARTA UTARA,CILINCING,"453,027","10,866",Tenis Lapangan GOR Sekda Saefullah,Tenis,-6136907,106965651,,,,,,
2023,JAKARTA UTARA,CILINCING,"453,027","10,866",Lapangan Sepakbola Kalibaru,Sepak Bola,-6101197,106924907,,,,,,
2023,JAKARTA UTARA,CILINCING,"453,027","10,866",Lapangan Sepakbola Rorotan,Sepak Bola,-6138961,106955082,,,,,,
2023,JAKARTA UTARA,PADEMANGAN,"171,335","13,815",Gelanggang Remaja Kecamatan Pademangan,Gelanggang ,-61327,10683719,,,,,,
2023,JAKARTA UTARA,PADEMANGAN,"171,335","13,815",Gelanggang Olahraga Bahtera Jaya,Gelanggang ,-61129,10686394,,,,,,
2023,JAKARTA UTARA,PADEMANGAN,"171,335","13,815",Yacth Club (Gedung Serbaguna),Gelanggang ,-61129,10686394,,,,,,
2023,JAKARTA UTARA,PADEMANGAN,"171,335","13,815",Gedung Olahraga Venue Jetski,Jetski,-61207,10683492,,,,,,
2023,JAKARTA UTARA,PADEMANGAN,"171,335","13,815",Gedung Olahraga Venue Layar,Layar,-61167,10682096,,,,,,
2023,JAKARTA UTARA,PADEMANGAN,"171,335","13,815",Gelanggang Olahraga Bahtera Jaya,Gelanggang ,-61129,10686394,,,,,,
2023,JAKARTA UTARA,PADEMANGAN,"171,335","13,815",Yacth Club (Gedung Serbaguna),Gelanggang ,-61129,10686394,,,,,,
2023,JAKARTA UTARA,PADEMANGAN,"171,335","13,815",Gedung Olahraga Venue Jetski,Jetski,-61207,10683492,,,,,,
2023,JAKARTA UTARA,PADEMANGAN,"171,335","13,815",Gedung Olahraga Venue Layar,Layar,-61167,10682096,,,,,,
2023,JAKARTA UTARA,PADEMANGAN,"171,335","13,815",Gelanggang Remaja Kecamatan Pademangan,Gelanggang ,-61327,10683719,,,,,,
2023,JAKARTA UTARA,KELAPA GADING,"146,301","8,953",Gelanggang Remaja Kecamatan Kelapa Gading,Gelanggang ,-616451,10690841,,,,,,
2023,JAKARTA UTARA,KELAPA GADING,"146,301","8,953",Gedung Judo Kelapa Gading,Judo,-616293,10690695,,,,,,
2023,JAKARTA UTARA,KELAPA GADING,"146,301","8,953",Stadion Sepakbola Tugu,Sepak Bola,-6136936,106913505,,,,,,
2023,JAKARTA UTARA,KELAPA GADING,"146,301","8,953",Kolam Renang,Renang,,,,,,,,
2023,JAKARTA UTARA,KELAPA GADING,"146,301","8,953",Gedung Judo Kelapa Gading,Judo,-616293,10690695,,,,,,
2023,JAKARTA UTARA,KELAPA GADING,"146,301","8,953",Gelanggang Remaja Kecamatan Kelapa Gading,Gelanggang ,-616451,10690841,,,,,,
2023,JAKARTA UTARA,KELAPA GADING,"146,301","8,953",Stadion Sepakbola Tugu,Sepak Bola,-6136936,106913505,,,,,,
2023,JAKARTA UTARA,CENGKARENG,"590,335","22,234",Gedung Bulutangkis Cendrawasih,Bulutangkis,-614273,10672221,,,,,,
2023,JAKARTA BARAT,CENGKARENG,"590,335","22,234",Gedung Serbaguna GOR Cendrawasih,Gelanggang ,-614173,10672053,,,,,,
2023,JAKARTA BARAT,CENGKARENG,"590,335","22,234",Stadion Sepakbola GOR Cendrawasih,Sepak Bola,6142689,106721338,,,,,,
2023,JAKARTA BARAT,CENGKARENG,"590,335","22,234",Lapangan Sepakbola Terbuka GOR Cendrawasih,Sepak Bola,-614277,106720251,,,,,,
2023,JAKARTA BARAT,CENGKARENG,"590,335","22,234",Wall Climbing GOR Cendrawasih,Panjat Tebing,-614367,10672087,,,,,,
2023,JAKARTA BARAT,CENGKARENG,"590,335","22,234",Gelanggang Remaja Kecamatan Cengkareng,Gelanggang ,"-615,032","106,722,156",,,,,,
2023,JAKARTA BARAT,CENGKARENG,"590,335","22,234",Gelanggang Remaja Kecamatan Cengkareng,Gelanggang ,"-615,032","106,722,156",,,,,,
2023,JAKARTA BARAT,CENGKARENG,"590,335","22,234",Gedung Bulutangkis Cendrawasih,Bulutangkis,-614273,10672221,,,,,,
2023,JAKARTA BARAT,CENGKARENG,"590,335","22,234",Gedung Serbaguna GOR Cendrawasih,Gelanggang ,-614173,10672053,,,,,,
2023,JAKARTA BARAT,CENGKARENG,"590,335","22,234",Stadion Sepakbola GOR Cendrawasih,Sepak Bola,6142689,106721338,,,,,,
2023,JAKARTA BARAT,CENGKARENG,"590,335","22,234",Lapangan Sepakbola Terbuka GOR Cendrawasih,Sepak Bola,-614277,106720251,,,,,,
2023,JAKARTA BARAT,CENGKARENG,"590,335","22,234",Wall Climbing GOR Cendrawasih,Panjat Tebing,-614367,10672087,,,,,,
2023,JAKARTA BARAT,GROGOL PETAMBURAN,"239,061","21,805",Kolam Renang GR Jakarta Barat,Renang,-616098,10679715,,,,,,
2023,JAKARTA BARAT,GROGOL PETAMBURAN,"239,061","21,805",Gelanggang Remaja Kota Administrasi Jakarta Barat,Gelanggang ,"10,679,694,551,145","-6,160,898,241,603",,,,,,
2023,JAKARTA BARAT,GROGOL PETAMBURAN,"239,061","21,805",Gelanggang Remaja Kecamatan Grogol Petamburan,Gelanggang ,"-61,767,534,077,929","10,678,118,428,662",,,,,,
2023,JAKARTA BARAT,GROGOL PETAMBURAN,"239,061","21,805",Gelanggang Remaja Kota Administrasi Jakarta Barat,Gelanggang ,"10,679,694,551,145","-6,160,898,241,603",,,,,,
2023,JAKARTA BARAT,GROGOL PETAMBURAN,"239,061","21,805",Gelanggang Remaja Kecamatan Grogol Petamburan,Gelanggang ,"-61,767,534,077,929","10,678,118,428,662",,,,,,
2023,JAKARTA BARAT,GROGOL PETAMBURAN,"239,061","21,805",Kolam Renang GR Jakarta Barat,Renang,-616098,10679715,,,,,,
2023,JAKARTA BARAT,TAMAN SARI,"128,026","27,850",Stadion Sepakbola Taman Sari,Sepak Bola,-6151393,106824905,,,,,,
2023,JAKARTA BARAT,TAMAN SARI,"128,026","27,850",Stadion Sepakbola Taman Sari,Sepak Bola,-6151393,106824905,,,,,,
2023,JAKARTA BARAT,TAMBORA,"270,036","49,788",Lapangan Sepakbola Persima,Sepak Bola,-6155759,106799282,,,,,,
2023,JAKARTA BARAT,TAMBORA,"270,036","49,788",Gelanggang Remaja Kecamatan Tambora,Gelanggang ,"-61,713,127,667,626","10,681,926,688,466",,,,,,
2023,JAKARTA BARAT,TAMBORA,"270,036","49,788",Gelanggang Remaja Kecamatan Tambora,Gelanggang ,"-61,713,127,667,626","10,681,926,688,466",,,,,,
2023,JAKARTA BARAT,TAMBORA,"270,036","49,788",Lapangan Sepakbola Persima,Sepak Bola,-6155759,106799282,,,,,,
2023,JAKARTA BARAT,KEBON JERUK,"368,839","21,234",Lapangan sepakbola Kebon Jeruk,Sepak Bola,-6197675,106766615,,,,,,
2023,JAKARTA BARAT,KEBON JERUK,"368,839","21,234",Lapangan Sepakbola Kedoya,Sepak Bola,-6183985,106761023,,,,,,
2023,JAKARTA BARAT,KEBON JERUK,"368,839","21,234",Gelanggang Remaja Kecamatan Kebon Jeruk,Gelanggang ,"-61,991,906,016,931","10,676,436,073,558",,,,,,
2023,JAKARTA BARAT,KEBON JERUK,"368,839","21,234",Gelanggang Remaja Kecamatan Kebon Jeruk,Gelanggang ,"-61,991,906,016,931","10,676,436,073,558",,,,,,
2023,JAKARTA BARAT,KEBON JERUK,"368,839","21,234",Lapangan sepakbola Kebon Jeruk,Sepak Bola,-6197675,106766615,,,,,,
2023,JAKARTA BARAT,KEBON JERUK,"368,839","21,234",Lapangan Sepakbola Kedoya,Sepak Bola,-6183985,106761023,,,,,,
2023,JAKARTA BARAT,KALIDERES,"464,568","16,135",Lapangan Sepakbola Pegadungan,Sepak Bola,-6139465,106703159,,,,,,
2023,JAKARTA BARAT,KALIDERES,"464,568","16,135",Lapangan Sepakbola Semanan,Sepak Bola,-6159757,106705898,,,,,,
2023,JAKARTA BARAT,KALIDERES,"464,568","16,135",Lapangan Sepakbola Srengseng,Gelanggang ,-6203609,106758527,,,,,,
2023,JAKARTA BARAT,KALIDERES,"464,568","16,135",Gelanggang Remaja Kecamatan Kalideres,Gelanggang ,"-61,767,534,077,929","10,678,118,428,662",,,,,,
2023,JAKARTA BARAT,KALIDERES,"464,568","16,135",Gelanggang Remaja Kecamatan Kalideres,Sepak Bola,"-61,767,534,077,929","10,678,118,428,662",,,,,,
2023,JAKARTA BARAT,KALIDERES,"464,568","16,135",Lapangan Sepakbola Pegadungan,Sepak Bola,-6139465,106703159,,,,,,
2023,JAKARTA BARAT,KALIDERES,"464,568","16,135",Lapangan Sepakbola Semanan,Sepak Bola,-6159757,106705898,,,,,,
2023,JAKARTA BARAT,KALIDERES,"464,568","16,135",Lapangan Sepakbola Srengseng,Sepak Bola,-6203609,106758527,,,,,,
2023,JAKARTA BARAT,PALMERAH,"235,100","31,581",Lapangan Ingub Wijaya Kusuma,Sepak Bola,-6192028,10679503,,,,,,
2023,JAKARTA BARAT,PALMERAH,"235,100","31,581",Gelanggang Remaja Kecamatan Palmerah,Gelanggang ,"-6,199,176,984,576","10,679,105,873,098",,,,,,
2023,JAKARTA BARAT,PALMERAH,"235,100","31,581",Gelanggang Remaja Kecamatan Palmerah,Gelanggang ,"-6,199,176,984,576","10,679,105,873,098",,,,,,
2023,JAKARTA BARAT,PALMERAH,"235,100","31,581",Lapangan Ingub Wijaya Kusuma,Sepak Bola,-6192028,10679503,,,,,,
2023,JAKARTA BARAT,KEMBANGAN,"313,599","12,300",Lapangan Sepakbola Joglo,Sepak Bola,-6217591,106722289,,,,,,
2023,JAKARTA BARAT,KEMBANGAN,"313,599","12,300",Gelanggang Remaja Kecamatan Kembangan,Gelanggang ,"-61,638,978,770,743","10,675,030,981,414",,,,,,
2023,JAKARTA BARAT,KEMBANGAN,"313,599","12,300",Gelanggang Remaja Kecamatan Kembangan,Gelanggang ,"-61,638,978,770,743","10,675,030,981,414",,,,,,
2023,JAKARTA BARAT,KEMBANGAN,"313,599","12,300",Lapangan Sepakbola Joglo,Sepak Bola,-6217591,106722289,,,,,,
2023,JAKARTA SELATAN,MAMPANG PRAPATAN,"159,772","19,871",Gelanggang Remaja Kecamatan Mampang Prapatan,Gelanggang ,"-62,501,245,467,253","10,681,497,355,583",,,,,,
2023,JAKARTA SELATAN,MAMPANG PRAPATAN,"159,772","19,871",Gelanggang Remaja Kecamatan Mampang Prapatan,Gelanggang ,"-62,501,245,467,253","10,681,497,355,583",,,,,,
2023,JAKARTA SELATAN,PASAR MINGGU,"335,824","15,375",Gelanggang Remaja Kecamatan Pasar Minggu,Gelanggang ,"-62,846,759,449,476","10,683,738,096,832",,,,,,
2023,JAKARTA SELATAN,PASAR MINGGU,"335,824","15,375",Pusat Pelatihan Olahraga Pendidikan Ragunan,Gelanggang ,"-63,054,243,131,286","10,682,476,774,603",,,,,,
2023,JAKARTA SELATAN,PASAR MINGGU,"335,824","15,375",Gedung Kolam Renang (1 Lantai Bangunan Baru),Renang,"-63,054,243,131,286","10,682,476,774,603",,,,,,
2023,JAKARTA SELATAN,PASAR MINGGU,"335,824","15,375",Gedung Multi Olahraga (4 Lantai Bangunan Baru),Gelanggang ,"-63,054,243,131,286","10,682,476,774,603",,,,,,
2023,JAKARTA SELATAN,PASAR MINGGU,"335,824","15,375",Gedung Volley-Takraw (1 Lantai Bangunan Baru),Volley,"-63,054,243,131,286","10,682,476,774,603",,,,,,
2023,JAKARTA SELATAN,PASAR MINGGU,"335,824","15,375",Lapangan Panahan,Panahan,"-63,054,243,131,286","10,682,476,774,603",,,,,,
2023,JAKARTA SELATAN,PASAR MINGGU,"335,824","15,375",Lapangan Volley Outdoor (4 Lapangan),Volley,"-63,054,243,131,286","10,682,476,774,603",,,,,,
2023,JAKARTA SELATAN,PASAR MINGGU,"335,824","15,375",Lapangan Volley Pasir (2 Lapangan),Volley,"-63,054,243,131,286","10,682,476,774,603",,,,,,
2023,JAKARTA SELATAN,PASAR MINGGU,"335,824","15,375",Lapangan Basket Outdoor (2 Lapangan),Basket,"-63,054,243,131,286","10,682,476,774,603",,,,,,
2023,JAKARTA SELATAN,PASAR MINGGU,"335,824","15,375",Lapangan Tenis ( 2 Lapangan),Tenis,"-63,054,243,131,286","10,682,476,774,603",,,,,,
2023,JAKARTA SELATAN,PASAR MINGGU,"335,824","15,375",Lapangan Futsal,Futsal,"-63,054,243,131,286","10,682,476,774,603",,,,,,
2023,JAKARTA SELATAN,PASAR MINGGU,"335,824","15,375",Gym Outdoor,Gym,"-63,054,243,131,286","10,682,476,774,603",,,,,,
2023,JAKARTA SELATAN,PASAR MINGGU,"335,824","15,375",Wall Climbing,Panjat Tebing,"-63,054,243,131,286","10,682,476,774,603",,,,,,
2023,JAKARTA SELATAN,PASAR MINGGU,"335,824","15,375",Lapangan Sepakbola Kebagusan,Sepak Bola,-63139026,1068281773,,,,,,
2023,JAKARTA SELATAN,PASAR MINGGU,"335,824","15,375",Lapangan Sepakbola Sintetis PPOP Ragunan,Sepak Bola,-6307676,106825828,,,,,,
2023,JAKARTA SELATAN,PASAR MINGGU,"335,824","15,375",Gedung Sport Science,Sport Science,"-63,054,243,131,286","10,682,476,774,603",,,,,,
2023,JAKARTA SELATAN,PASAR MINGGU,"335,824","15,375",Gedung Serbaguna,Gelanggang ,"-63,054,243,131,286","10,682,476,774,603",,,,,,
2023,JAKARTA SELATAN,PASAR MINGGU,"335,824","15,375",Lapangan Sepakbola Lapangan Baru,Sepak Bola,"-63,054,243,131,286","10,682,476,774,603",,,,,,
2023,JAKARTA SELATAN,PASAR MINGGU,"335,824","15,375",Lapangan Track Atletik,Gelanggang ,"-63,054,243,131,286","10,682,476,774,603",,,,,,
2023,JAKARTA SELATAN,PASAR MINGGU,"335,824","15,375",Gelanggang Remaja Kecamatan Pasar Minggu,Gelanggang ,"-62,846,759,449,476","10,683,738,096,832",,,,,,
2023,JAKARTA SELATAN,PASAR MINGGU,"335,824","15,375",Pusat Pelatihan Olahraga Pendidikan Ragunan,Gelanggang ,"-63,054,243,131,286","10,682,476,774,603",,,,,,
2023,JAKARTA SELATAN,PASAR MINGGU,"335,824","15,375",Gedung Kolam Renang (1 Lantai Bangunan Baru),Renang,"-63,054,243,131,286","10,682,476,774,603",,,,,,
2023,JAKARTA SELATAN,PASAR MINGGU,"335,824","15,375",Gedung Multi Olahraga (4 Lantai Bangunan Baru),Gelanggang ,"-63,054,243,131,286","10,682,476,774,603",,,,,,
2023,JAKARTA SELATAN,PASAR MINGGU,"335,824","15,375",Gedung Volley-Takraw (1 Lantai Bangunan Baru),Volley,"-63,054,243,131,286","10,682,476,774,603",,,,,,
2023,JAKARTA SELATAN,PASAR MINGGU,"335,824","15,375",Gedung Sport Science,Sport Science,"-63,054,243,131,286","10,682,476,774,603",,,,,,
2023,JAKARTA SELATAN,PASAR MINGGU,"335,824","15,375",Gedung Serbaguna,Gelanggang ,"-63,054,243,131,286","10,682,476,774,603",,,,,,
2023,JAKARTA SELATAN,PASAR MINGGU,"335,824","15,375",Lapangan Sepakbola Lapangan Baru,Sepak Bola,"-63,054,243,131,286","10,682,476,774,603",,,,,,
2023,JAKARTA SELATAN,PASAR MINGGU,"335,824","15,375",Lapangan Track Atletik,Gelanggang ,"-63,054,243,131,286","10,682,476,774,603",,,,,,
2023,JAKARTA SELATAN,PASAR MINGGU,"335,824","15,375",Lapangan Panahan,Panahan,"-63,054,243,131,286","10,682,476,774,603",,,,,,
2023,JAKARTA SELATAN,PASAR MINGGU,"335,824","15,375",Lapangan Volley Outdoor (4 Lapangan),Volley,"-63,054,243,131,286","10,682,476,774,603",,,,,,
2023,JAKARTA SELATAN,PASAR MINGGU,"335,824","15,375",Lapangan Volley Pasir (2 Lapangan),Volley,"-63,054,243,131,286","10,682,476,774,603",,,,,,
2023,JAKARTA SELATAN,PASAR MINGGU,"335,824","15,375",Lapangan Basket Outdoor (2 Lapangan),Basket,"-63,054,243,131,286","10,682,476,774,603",,,,,,
2023,JAKARTA SELATAN,PASAR MINGGU,"335,824","15,375",Lapangan Tenis ( 2 Lapangan),Tenis,"-63,054,243,131,286","10,682,476,774,603",,,,,,
2023,JAKARTA SELATAN,PASAR MINGGU,"335,824","15,375",Lapangan Futsal,Futsal,"-63,054,243,131,286","10,682,476,774,603",,,,,,
2023,JAKARTA SELATAN,PASAR MINGGU,"335,824","15,375",Gym Outdoor,Gym,"-63,054,243,131,286","10,682,476,774,603",,,,,,
2023,JAKARTA SELATAN,PASAR MINGGU,"335,824","15,375",Wall Climbing,Panahan,"-63,054,243,131,286","10,682,476,774,603",,,,,,
2023,JAKARTA SELATAN,PASAR MINGGU,"335,824","15,375",Lapangan Sepakbola Kebagusan,Sepak Bola,-63139026,1068281773,,,,,,
2023,JAKARTA SELATAN,PASAR MINGGU,"335,824","15,375",Lapangan Sepakbola Sintetis PPOP Ragunan,Sepak Bola,-6307676,106825828,,,,,,
2023,JAKARTA SELATAN,KEBAYORAN LAMA,"334,487","17,035",Gelanggang Remaja Kecamatan Kebayoran Lama,Gelanggang ,"-62,451,692,135,064","10,676,922,493,948",,,,,,
2023,JAKARTA SELATAN,KEBAYORAN LAMA,"334,487","17,035",Lapangan Sepakbola A. Yani,Sepak Bola,-62494677,106778038,,,,,,
2023,JAKARTA SELATAN,KEBAYORAN LAMA,"334,487","17,035",Gelanggang Remaja Kecamatan Kebayoran Lama,Gelanggang ,"-62,451,692,135,064","10,676,922,493,948",,,,,,
2023,JAKARTA SELATAN,KEBAYORAN LAMA,"334,487","17,035",Lapangan Sepakbola A. Yani,Sepak Bola,-62494677,106778038,,,,,,
2023,JAKARTA SELATAN,CILANDAK,"229,571","12,774",Gelanggang Remaja Kecamatan Cilandak,Gelanggang ,-629046,10679063,,,,,,
2023,JAKARTA SELATAN,CILANDAK,"229,571","12,774",Gelanggang Remaja Kecamatan Cilandak,Gelanggang ,-629046,10679063,,,,,,
2023,JAKARTA SELATAN,KEBAYORAN BARU,"157,346","12,201",Gelanggang Remaja Kota Administrasi Jakarta Selatan,Gelanggang ,"-62,423,500,295,429","10,679,645,167,308",,,,,,
2023,JAKARTA SELATAN,KEBAYORAN BARU,"157,346","12,201",Gedung Pertunjukan,Gelanggang ,C,dan D Gelanggang Remaja Jakarta Selatan,,,,,,
2023,JAKARTA SELATAN,KEBAYORAN BARU,"157,346","12,201",Gedung Olahraga (GOR) Jakarta Selatan,Gelanggang ,"-62,423,500,295,429","10,679,645,167,308",,,,,,
2023,JAKARTA SELATAN,KEBAYORAN BARU,"157,346","12,201",Kolam Renang Bulungan,Renang,-6239225,106796969,,,,,,
2023,JAKARTA SELATAN,KEBAYORAN BARU,"157,346","12,201",Gelanggang Remaja Kecamatan Kebayoran Baru,Gelanggang ,"-62,435,051,511,637","10,676,933,205,575",,,,,,
2023,JAKARTA SELATAN,KEBAYORAN BARU,"157,346","12,201",Lapangan Sepakbola Blok.S,Sepak Bola,-62369977,106815326,,,,,,
2023,JAKARTA SELATAN,KEBAYORAN BARU,"157,346","12,201",Kolam Renang Bulungan,Renang,-6239225,106796969,,,,,,
2023,JAKARTA SELATAN,KEBAYORAN BARU,"157,346","12,201",Gelanggang Remaja Kecamatan Kebayoran Baru,Gelanggang ,"-62,435,051,511,637","10,676,933,205,575",,,,,,
2023,JAKARTA SELATAN,KEBAYORAN BARU,"157,346","12,201",Lapangan Sepakbola Blok.S,Sepak Bola,-62369977,106815326,,,,,,
2023,JAKARTA SELATAN,KEBAYORAN BARU,"157,346","12,201",Fasilitas Lapangan Tenis Bulungan (Semi Indoor),Tenis,-6.238E+15,1.06797E+16,,,,,,
2023,JAKARTA SELATAN,KEBAYORAN BARU,"157,346","12,201",Gelanggang Remaja Kota Administrasi Jakarta Selatan,Gelanggang ,"-62,423,500,295,429","10,679,645,167,308",,,,,,
2023,JAKARTA SELATAN,KEBAYORAN BARU,"157,346","12,201",Gedung Pertunjukan,Gelanggang ,C,dan D Gelanggang Remaja Jakarta Selatan,,,,,,
2023,JAKARTA SELATAN,KEBAYORAN BARU,"157,346","12,201",Gedung Olahraga (GOR) Jakarta Selatan,Gelanggang ,"-62,423,500,295,429","10,679,645,167,308",,,,,,
2023,JAKARTA SELATAN,PANCORAN,"179,178","20,002",Gelanggang Remaja Kecamatan Pancoran,Gelanggang ,-625111,10686075,,,,,,
2023,JAKARTA SELATAN,PANCORAN,"179,178","20,002",Gelanggang Remaja Kecamatan Pancoran,Gelanggang ,-625111,10686075,,,,,,
2023,JAKARTA SELATAN,JAGAKARSA,"377,606","14,775",Gelanggang Remaja Kecamatan Jagakarsa,Gelanggang ,"-63,339,234,986,345","10,681,707,439,716",,,,,,
2023,JAKARTA SELATAN,JAGAKARSA,"377,606","14,775",Lapangan Ingub Jagakarsa,Sepak Bola,-6336451,106819187,,,,,,
2023,JAKARTA SELATAN,JAGAKARSA,"377,606","14,775",Lapangan Sepakbola Sukatani,Sepak Bola,-63019866,106850873,,,,,,
2023,JAKARTA SELATAN,JAGAKARSA,"377,606","14,775",Lapangan Serbaguna,Gelanggang ,-63071846,106846861,,,,,,
2023,JAKARTA SELATAN,JAGAKARSA,"377,606","14,775",Gelanggang Remaja Kecamatan Jagakarsa,Gelanggang ,"-63,339,234,986,345","10,681,707,439,716",,,,,,
2023,JAKARTA SELATAN,JAGAKARSA,"377,606","14,775",Lapangan Ingub Jagakarsa,Sepak Bola,-6336451,106819187,,,,,,
2023,JAKARTA SELATAN,JAGAKARSA,"377,606","14,775",Lapangan Sepakbola Sukatani,Sepak Bola,-63019866,106850873,,,,,,
2023,JAKARTA SELATAN,JAGAKARSA,"377,606","14,775",Lapangan Serbaguna,Gelanggang ,-63071846,106846861,,,,,,
2023,JAKARTA SELATAN,PESANGGRAHAN,"271,443","20,141",Gelanggang Remaja Kecamatan Pesanggrahan,Gelanggang ,"-62,521,071,049,156","10,676,273,401,065",,,,,,
2023,JAKARTA SELATAN,PESANGGRAHAN,"271,443","20,141",Lapangan Sepakbola Pesanggrahan,Sepak Bola,-6251005,106756079,,,,,,
2023,JAKARTA SELATAN,PESANGGRAHAN,"271,443","20,141",Lapangan Tenis,Tenis,-6278747,106762168,,,,,,
2023,JAKARTA SELATAN,PESANGGRAHAN,"271,443","20,141",Gelanggang Remaja Kecamatan Pesanggrahan,Gelanggang ,"-62,521,071,049,156","10,676,273,401,065",,,,,,
2023,JAKARTA SELATAN,PESANGGRAHAN,"271,443","20,141",Lapangan Sepakbola Pesanggrahan,Sepak Bola,-6251005,106756079,,,,,,
2023,JAKARTA SELATAN,PESANGGRAHAN,"271,443","20,141",Lapangan Tenis,Tenis,-6278747,106762168,,,,,,
2023,JAKARTA SELATAN,PESANGGRAHAN,"271,443","20,141",Lapangan Tenis,Tenis,-6225099,106753902,,,,,,
2023,JAKARTA SELATAN,TEBET,"242,255","25,340",Gelanggang Remaja Kecamatan Tebet,Gelanggang ,"-62,289,187,405,387","10,685,801,286,832",,,,,,
2023,JAKARTA SELATAN,TEBET,"242,255","25,340",Stadion PSPT Tebet,Sepak Bola,"-62,361,066,687,376","10,685,692,926,832",,,,,,
2023,JAKARTA SELATAN,TEBET,"242,255","25,340",Gelanggang Remaja Kecamatan Tebet,Gelanggang ,"-62,289,187,405,387","10,685,801,286,832",,,,,,
2023,JAKARTA SELATAN,TEBET,"242,255","25,340",Stadion PSPT Tebet,Sepak Bola,"-62,361,066,687,376","10,685,692,926,832",,,,,,
2023,JAKARTA SELATAN,SETIA BUDI,"117,914","13,119",Gelanggang Mahasiswa Soemantri Brodjonegoro,Gelanggang ,"-622,077","10,683,243",,,,,,
2023,JAKARTA SELATAN,SETIA BUDI,"117,914","13,119",Gedung Basket (Hall A) GMSB,Basket,"-622,077","10,683,243",,,,,,
2023,JAKARTA SELATAN,SETIA BUDI,"117,914","13,119",Gedung Voli (Hall B) GMSB,Volley,"-622,077","10,683,243",,,,,,
2023,JAKARTA SELATAN,SETIA BUDI,"117,914","13,119",Gedung Bulutangkis (Hall C) GMSB,Bulutangkis,"-622,077","10,683,243",,,,,,
2023,JAKARTA SELATAN,SETIA BUDI,"117,914","13,119",Stadion Sepakbola GMSB,Sepak Bola,"-622,077","10,683,243",,,,,,
2023,JAKARTA SELATAN,SETIA BUDI,"117,914","13,119",Ruang Tenis Meja GMSB,Tenis,"-622,077","10,683,243",,,,,,
2023,JAKARTA SELATAN,SETIA BUDI,"117,914","13,119",Ruang Fitnes GMSB,Gym,"-622,077","10,683,243",,,,,,
2023,JAKARTA SELATAN,SETIA BUDI,"117,914","13,119",Gelanggang Mahasiswa Soemantri Brodjonegoro,Gelanggang ,"-622,077","10,683,243",,,,,,
2023,JAKARTA SELATAN,SETIA BUDI,"117,914","13,119",Gedung Basket (Hall A) GMSB,Basket,"-622,077","10,683,243",,,,,,
2023,JAKARTA SELATAN,SETIA BUDI,"117,914","13,119",Gedung Voli (Hall B) GMSB,Volley,"-622,077","10,683,243",,,,,,
2023,JAKARTA SELATAN,SETIA BUDI,"117,914","13,119",Gedung Bulutangkis (Hall C) GMSB,Bulutangkis,"-622,077","10,683,243",,,,,,
2023,JAKARTA SELATAN,SETIA BUDI,"117,914","13,119",Stadion Sepakbola GMSB,Sepak Bola,"-622,077","10,683,243",,,,,,
2023,JAKARTA SELATAN,SETIA BUDI,"117,914","13,119",Ruang Tenis Meja GMSB,Tenis,"-622,077","10,683,243",,,,,,
2023,JAKARTA SELATAN,SETIA BUDI,"117,914","13,119",Ruang Fitnes GMSB,Gym,"-622,077","10,683,243",,,,,,
2023,JAKARTA TIMUR,MATRAMAN,"191,270","38,455",Gelanggang Remaja Kecamatan Matraman,Gelanggang ,-619766,10686942,,,,,,
2023,JAKARTA TIMUR,MATRAMAN,"191,270","38,455",Gelanggang Remaja Kecamatan Matraman,Gelanggang ,-619766,10686942,,,,,,
2023,JAKARTA TIMUR,PULO GADUNG,"310,267","20,438",Arena BMX Pulomas,BMX,-6174023,106880446,,,,,,
2023,JAKARTA TIMUR,PULO GADUNG,"310,267","20,438",Stadion Baseball Rawamangun,Baseball,-619104,10688936,,,,,,
2023,JAKARTA TIMUR,PULO GADUNG,"310,267","20,438",Stadion Atletik GOR Rawamangun,Gelanggang ,-619206,106889052,,,,,,
2023,JAKARTA TIMUR,PULO GADUNG,"310,267","20,438",Gedung Squash GOR Rawamangun,Gelanggang ,-619144,10688866,,,,,,
2023,JAKARTA TIMUR,PULO GADUNG,"310,267","20,438",Gedung Badminton GOR Rawamangun,Bulutangkis,-619288,10688866,,,,,,
2023,JAKARTA TIMUR,PULO GADUNG,"310,267","20,438",Gedung Futsal GOR Rawamangun,Futsal,-619117,10688866,,,,,,
2023,JAKARTA TIMUR,PULO GADUNG,"310,267","20,438",Gelanggang Olahraga Rawamangun,Gelanggang ,-619167,10688972,,,,,,
2023,JAKARTA TIMUR,PULO GADUNG,"310,267","20,438",Gelanggang Remaja Kecamatan PuloGadung,Gelanggang ,"-61,928,475,770,482","106,886,889,677",,,,,,
2023,JAKARTA TIMUR,PULO GADUNG,"310,267","20,438",Gelanggang Remaja Kecamatan PuloGadung,Gelanggang ,"-61,928,475,770,482","106,886,889,677",,,,,,
2023,JAKARTA TIMUR,PULO GADUNG,"310,267","20,438",Gelanggang Olahraga Rawamangun,Gelanggang ,-619167,10688972,,,,,,
2023,JAKARTA TIMUR,PULO GADUNG,"310,267","20,438",Gedung Futsal GOR Rawamangun,Futsal,-619117,10688866,,,,,,
2023,JAKARTA TIMUR,PULO GADUNG,"310,267","20,438",Gedung Badminton GOR Rawamangun,Bulutangkis,-619288,10688866,,,,,,
2023,JAKARTA TIMUR,PULO GADUNG,"310,267","20,438",Gedung Squash GOR Rawamangun,Gelanggang ,-619144,10688866,,,,,,
2023,JAKARTA TIMUR,PULO GADUNG,"310,267","20,438",Stadion Atletik GOR Rawamangun,Gelanggang ,-619206,106889052,,,,,,
2023,JAKARTA TIMUR,PULO GADUNG,"310,267","20,438",Stadion Baseball Rawamangun,Baseball,-619104,10688936,,,,,,
2023,JAKARTA TIMUR,PULO GADUNG,"310,267","20,438",Arena BMX Pulomas,BMX,-6174023,106880446,,,,,,
2023,JAKARTA TIMUR,JATINEGARA,"329,713","31,534",Gelanggang Remaja Kecamatan Jatinegara,Gelanggang ,"-62,199,350,671,066","10,689,453,726,832",,,,,,
2023,JAKARTA TIMUR,JATINEGARA,"329,713","31,534",Kolam Renang Gelanggang Remaja Jakarta Timur,Renang,-62355,10686862,,,,,,
2023,JAKARTA TIMUR,JATINEGARA,"329,713","31,534",Gedung Olahraga (GOR) Jakarta Timur,Gelanggang ,-623501,10686809,,,,,,
2023,JAKARTA TIMUR,JATINEGARA,"329,713","31,534",Gelanggang Remaja Kota Administrasi Jakarta Timur,Gelanggang ,"-62,348,581,032,371","10,686,894,119,715",,,,,,
2023,JAKARTA TIMUR,JATINEGARA,"329,713","31,534",Gelanggang Remaja Kota Administrasi Jakarta Timur,Gelanggang ,"-62,348,581,032,371","10,686,894,119,715",,,,,,
2023,JAKARTA TIMUR,JATINEGARA,"329,713","31,534",Gedung Olahraga (GOR) Jakarta Timur,Gelanggang ,-623501,10686809,,,,,,
2023,JAKARTA TIMUR,JATINEGARA,"329,713","31,534",Kolam Renang Gelanggang Remaja Jakarta Timur,Renang,-62355,10686862,,,,,,
2023,JAKARTA TIMUR,JATINEGARA,"329,713","31,534",Gelanggang Remaja Kecamatan Jatinegara,Gelanggang ,"-62,199,350,671,066","10,689,453,726,832",,,,,,
2023,JAKARTA TIMUR,KRAMAT JATI,"323,535","24,226",Lapangan Sepakbola kramat jati,Sepak Bola,,,,,,,,
2023,JAKARTA TIMUR,KRAMAT JATI,"323,535","24,226",Gelanggang Remaja Kecamatan Kramat Jati,Gelanggang ,"-62,931,308,461,919","10,685,508,239,893",,,,,,
2023,JAKARTA TIMUR,KRAMAT JATI,"323,535","24,226",Gelanggang Remaja Kecamatan Kramat Jati,Gelanggang ,"-62,931,308,461,919","10,685,508,239,893",,,,,,
2023,JAKARTA TIMUR,PASAR REBO,"240,991","18,355",Lapangan Tenis Terbuka,Tenis,-6326014,106858928,,,,,,
2023,JAKARTA TIMUR,PASAR REBO,"240,991","18,355",Lapangan Sepakbola cijantung,Sepak Bola,,,,,,,,
2023,JAKARTA TIMUR,PASAR REBO,"240,991","18,355",Lapangan sepakbola gedong,Sepak Bola,-630208,106855619,,,,,,
2023,JAKARTA TIMUR,PASAR REBO,"240,991","18,355",Stadion Sepakbola Gongseng,Sepak Bola,-6326014,106858928,,,,,,
2023,JAKARTA TIMUR,PASAR REBO,"240,991","18,355",Gelanggang Remaja Kecamatan Pasar Rebo,Gelanggang ,"-62,934,081,103,731","10,685,509,312,599",,,,,,
2023,JAKARTA TIMUR,PASAR REBO,"240,991","18,355",Gelanggang Remaja Kecamatan Pasar Rebo,Gelanggang ,"-62,934,081,103,731","10,685,509,312,599",,,,,,
2023,JAKARTA TIMUR,PASAR REBO,"240,991","18,355",Stadion Sepakbola Gongseng,Sepak Bola,-6326014,106858928,,,,,,
2023,JAKARTA TIMUR,PASAR REBO,"240,991","18,355",Lapangan sepakbola gedong,Sepak Bola,-630208,106855619,,,,,,
2023,JAKARTA TIMUR,PASAR REBO,"240,991","18,355",Lapangan Sepakbola cijantung,Sepak Bola,-6.32145E+15,1.06854E+16,,,,,,
2023,JAKARTA TIMUR,PASAR REBO,"240,991","18,355",Lapangan Tenis Terbuka,Tenis,-6326014,106858928,,,,,,
2023,JAKARTA TIMUR,CAKUNG,"591,593","14,334",Lapangan sepakbola cakung,Sepak Bola,,,,,,,,
2023,JAKARTA TIMUR,CAKUNG,"591,593","14,334",Gelanggang Remaja Kecamatan Cakung,Gelanggang ,-618308,10695772,,,,,,
2023,JAKARTA TIMUR,CAKUNG,"591,593","14,334",Gelanggang Remaja Kecamatan Cakung,Gelanggang ,-618308,10695772,,,,,,
2023,JAKARTA TIMUR,CAKUNG,"591,593","14,334",Lapangan sepakbola cakung,Sepak Bola,,,,,,,,
2023,JAKARTA TIMUR,DUREN SAWIT,"454,735","20,578",Stadion Sepakbola Klender,Sepak Bola,-6222223,106930025,,,,,,
2023,JAKARTA TIMUR,DUREN SAWIT,"454,735","20,578",Gedung Serbaguna Perumnas Klender,Gelanggang ,-622162,10693066,,,,,,
2023,JAKARTA TIMUR,DUREN SAWIT,"454,735","20,578",Gedung Serbaguna Raden Inten,Gelanggang ,-6223643,106924088,,,,,,
2023,JAKARTA TIMUR,DUREN SAWIT,"454,735","20,578",Gedung Senam Radin Inten,Gelanggang ,-622362,10692359,,,,,,
2023,JAKARTA TIMUR,DUREN SAWIT,"454,735","20,578",Lap. Tenis Pondok Bambu,Tenis,-6224715,106903446,,,,,,
2023,JAKARTA TIMUR,DUREN SAWIT,"454,735","20,578",Stadion Bola Pondok Bambu,Sepak Bola,-6224715,106903446,,,,,,
2023,JAKARTA TIMUR,DUREN SAWIT,"454,735","20,578",Gedung Voli Pondok Bambu,Volley,-6224715,106903446,,,,,,
2023,JAKARTA TIMUR,DUREN SAWIT,"454,735","20,578",Gelanggang Olahraga Pondok Bambu,Gelanggang ,-622351,10690401,,,,,,
2023,JAKARTA TIMUR,DUREN SAWIT,"454,735","20,578",Gelanggang Remaja Kecamatan Duren Sawit,Gelanggang ,"-62,240,180,051,406","10,690,203,899,715",,,,,,
2023,JAKARTA TIMUR,DUREN SAWIT,"454,735","20,578",Gelanggang Remaja Kecamatan Duren Sawit,Gelanggang ,"-62,240,180,051,406","10,690,203,899,715",,,,,,
2023,JAKARTA TIMUR,DUREN SAWIT,"454,735","20,578",Gelanggang Olahraga Pondok Bambu,Gelanggang ,-622351,10690401,,,,,,
2023,JAKARTA TIMUR,DUREN SAWIT,"454,735","20,578",Gedung Voli Pondok Bambu,Volley,-6224715,106903446,,,,,,
2023,JAKARTA TIMUR,DUREN SAWIT,"454,735","20,578",Stadion Bola Pondok Bambu,Sepak Bola,-6224715,106903446,,,,,,
2023,JAKARTA TIMUR,DUREN SAWIT,"454,735","20,578",Lap. Tenis Pondok Bambu,Tenis,-6224715,106903446,,,,,,
2023,JAKARTA TIMUR,DUREN SAWIT,"454,735","20,578",Gedung Senam Radin Inten,Gelanggang ,-622362,10692359,,,,,,
2023,JAKARTA TIMUR,DUREN SAWIT,"454,735","20,578",Gedung Serbaguna Raden Inten,Gelanggang ,-6223643,106924088,,,,,,
2023,JAKARTA TIMUR,DUREN SAWIT,"454,735","20,578",Gedung Serbaguna Perumnas Klender,Gelanggang ,-622162,10693066,,,,,,
2023,JAKARTA TIMUR,DUREN SAWIT,"454,735","20,578",Stadion Sepakbola Klender,Sepak Bola,-6222223,106930025,,,,,,
2023,JAKARTA TIMUR,MAKASAR,"228,099","10,606",Gelanggang Remaja Kecamatan Makasar,Gelanggang ,"-62,796,131,863,842","10,687,680,419,715",,,,,,
2023,JAKARTA TIMUR,MAKASAR,"228,099","10,606",Gelanggang Remaja Kecamatan Makasar,Gelanggang ,"-62,796,131,863,842","10,687,680,419,715",,,,,,
2023,JAKARTA TIMUR,CIRACAS,"325,827","19,342",Lapangan Sepakbola cibubur,Sepak Bola,,,,,,,,
2023,JAKARTA TIMUR,CIRACAS,"325,827","19,342",Lapangan Sepakbola kelapa dua wetan,Sepak Bola,-6347932,106884163,,,,,,
2023,JAKARTA TIMUR,CIRACAS,"325,827","19,342",Gelanggang Olahraga PKP,Gelanggang ,-633675,10688266,,,,,,
2023,JAKARTA TIMUR,CIRACAS,"325,827","19,342",Lap Basket Outdoor Tri On Tri GOR CIRACAS,Basket,,,,,,,,
2023,JAKARTA TIMUR,CIRACAS,"325,827","19,342",Wall Climbing GOR Ciracas,Panjat Tebing,-6324501,10686498,,,,,,
2023,JAKARTA TIMUR,CIRACAS,"325,827","19,342",Gedung kolam renang GOR Ciracas,Renang,-632493,106866628,,,,,,
2023,JAKARTA TIMUR,CIRACAS,"325,827","19,342",Stadion Sepakbola Ciracas,Sepak Bola,-6325347,106865623,,,,,,
2023,JAKARTA TIMUR,CIRACAS,"325,827","19,342",Gedung Teater Terbuka,Gelanggang ,-632545,10686456,,,,,,
2023,JAKARTA TIMUR,CIRACAS,"325,827","19,342",Gedung Olahraga (GOR) Ciracas,Gelanggang ,-632545,10686456,,,,,,
2023,JAKARTA TIMUR,CIRACAS,"325,827","19,342",Gelanggang Olahraga Ciracas,Gelanggang ,-632543,10686456,,,,,,
2023,JAKARTA TIMUR,CIRACAS,"325,827","19,342",Gelanggang Remaja Kecamatan Ciracas,Gelanggang ,"-63,391,030,571,649","10,688,236,598,366",,,,,,
2023,JAKARTA TIMUR,CIRACAS,"325,827","19,342",Gelanggang Remaja Kecamatan Ciracas,Gelanggang ,"-63,391,030,571,649","10,688,236,598,366",,,,,,
2023,JAKARTA TIMUR,CIRACAS,"325,827","19,342",Gelanggang Olahraga Ciracas,Gelanggang ,-632543,10686456,,,,,,
2023,JAKARTA TIMUR,CIRACAS,"325,827","19,342",Gedung Olahraga (GOR) Ciracas,Gelanggang ,-632545,10686456,,,,,,
2023,JAKARTA TIMUR,CIRACAS,"325,827","19,342",Gedung Teater Terbuka,Gelanggang ,-632545,10686456,,,,,,
2023,JAKARTA TIMUR,CIRACAS,"325,827","19,342",Stadion Sepakbola Ciracas,Sepak Bola,-6325347,106865623,,,,,,
2023,JAKARTA TIMUR,CIRACAS,"325,827","19,342",Gedung kolam renang GOR Ciracas,Renang,-632493,106866628,,,,,,
2023,JAKARTA TIMUR,CIRACAS,"325,827","19,342",Wall Climbing GOR Ciracas,Panjat Tebing,-6324501,10686498,,,,,,
2023,JAKARTA TIMUR,CIRACAS,"325,827","19,342",Lap Basket Outdoor Tri On Tri GOR CIRACAS,Basket,-6324501,10686498,,,,,,
2023,JAKARTA TIMUR,CIRACAS,"325,827","19,342",Gelanggang Olahraga PKP,Gelanggang ,-633675,10688266,,,,,,
2023,JAKARTA TIMUR,CIRACAS,"325,827","19,342",Lapangan Sepakbola kelapa dua wetan,Sepak Bola,-6347932,106884163,,,,,,
2023,JAKARTA TIMUR,CIRACAS,"325,827","19,342",Lapangan Sepakbola cibubur,Sepak Bola,-6.3533E+15,1.06878E+16,,,,,,
2023,JAKARTA TIMUR,CIPAYUNG,"303,806","10,796",Lapangan Sepakbola lubang buaya,Sepak Bola,-6287546,106905145,,,,,,
2023,JAKARTA TIMUR,CIPAYUNG,"303,806","10,796",Lapangan Sepakbola setu,Sepak Bola,,,,,,,,
2023,JAKARTA TIMUR,CIPAYUNG,"303,806","10,796",Stadion Sepakbola Ceger,Sepak Bola,-6316238,106888585,,,,,,
2023,JAKARTA TIMUR,CIPAYUNG,"303,806","10,796",Gelanggang Remaja Kecamatan Cipayung,Gelanggang ,"-63,077,282,344,979","10,691,894,196,832",,,,,,
2023,JAKARTA TIMUR,CIPAYUNG,"303,806","10,796",Gelanggang Remaja Kecamatan Cipayung,Gelanggang ,"-63,077,282,344,979","10,691,894,196,832",,,,,,
2023,JAKARTA TIMUR,CIPAYUNG,"303,806","10,796",Stadion Sepakbola Ceger,Sepak Bola,-6316238,106888585,,,,,,
2023,JAKARTA TIMUR,CIPAYUNG,"303,806","10,796",Lapangan Sepakbola setu,Sepak Bola,-6.31243E+16,1.06918E+16,,,,,,
2023,JAKARTA TIMUR,CIPAYUNG,"303,806","10,796",Lapangan Sepakbola lubang buaya,Sepak Bola,-6287546,106905145,,,,,,
2023,JAKARTA PUSAT,GAMBIR,"96,281","12,651",Stadion Sepakbola VIJ,Sepak Bola,-6170084,106807729,,,,,,
2023,JAKARTA PUSAT,GAMBIR,"96,281","12,651",Gedung Olahraga Kemakmuran,Gelanggang ,,,,,,,,
2023,JAKARTA PUSAT,GAMBIR,"96,281","12,651",Wall climbing Kebon Jahe,Panjat Tebing,-617116,106819083,,,,,,
2023,JAKARTA PUSAT,GAMBIR,"96,281","12,651",Kolam Renang Kebon Jahe,Renang,-617092,106818716,,,,,,
2023,JAKARTA PUSAT,GAMBIR,"96,281","12,651",Gedung Olahraga Tenis Meja,Tenis,-617092,106818716,,,,,,
2023,JAKARTA PUSAT,GAMBIR,"96,281","12,651",Gedung Auditorium Kebon Jahe,Gelanggang ,-61716,10681976,,,,,,
2023,JAKARTA PUSAT,GAMBIR,"96,281","12,651",Gedung Auditorium Kebon Jahe,Gelanggang ,-61716,10681976,,,,,,
2023,JAKARTA PUSAT,GAMBIR,"96,281","12,651",Gedung Olahraga Tenis Meja,Tenis,-617092,106818716,,,,,,
2023,JAKARTA PUSAT,GAMBIR,"96,281","12,651",Kolam Renang Kebon Jahe,Renang,-617092,106818716,,,,,,
2023,JAKARTA PUSAT,GAMBIR,"96,281","12,651",Wall climbing Kebon Jahe,Panjat Tebing,-617116,106819083,,,,,,
2023,JAKARTA PUSAT,GAMBIR,"96,281","12,651",Gedung Olahraga Kemakmuran,Gelanggang ,"-61,646,602,751,197",1.06817E+16,,,,,,
2023,JAKARTA PUSAT,GAMBIR,"96,281","12,651",Stadion Sepakbola VIJ,Sepak Bola,-6170084,106807729,,,,,,
2023,JAKARTA PUSAT,SAWAH BESAR,"126,543","23,237",Lapangan Basket Terbuka,Basket,-616896,10683553,,,,,,
2023,JAKARTA PUSAT,SAWAH BESAR,"126,543","23,237",Lapangan Sepakbola Banteng,Sepak Bola,-616896,10683553,,,,,,
2023,JAKARTA PUSAT,SAWAH BESAR,"126,543","23,237",Stadion Sepakbola Banteng,Sepak Bola,-616896,10683553,,,,,,
2023,JAKARTA PUSAT,SAWAH BESAR,"126,543","23,237",Gelanggang Remaja Kecamatan Sawah Besar,Gelanggang ,-613805,10682732,,,,,,
2023,JAKARTA PUSAT,SAWAH BESAR,"126,543","23,237",Gelanggang Remaja Kecamatan Sawah Besar,Gelanggang ,-613805,10682732,,,,,,
2023,JAKARTA PUSAT,SAWAH BESAR,"126,543","23,237",Stadion Sepakbola Banteng,Sepak Bola,-616896,10683553,,,,,,
2023,JAKARTA PUSAT,SAWAH BESAR,"126,543","23,237",Lapangan Sepakbola Banteng,Sepak Bola,-616896,10683553,,,,,,
2023,JAKARTA PUSAT,SAWAH BESAR,"126,543","23,237",Lapangan Basket Terbuka,Basket,-616896,10683553,,,,,,
2023,JAKARTA PUSAT,KEMAYORAN,"257,370","35,697",Lapangan Ingub PORS Serdang,Sepak Bola,-616138,10686396,,,,,,
2023,JAKARTA PUSAT,KEMAYORAN,"257,370","35,697",Gelanggang Remaja Kecamatan Kemayoran,Gelanggang ,-615674,10686504,,,,,,
2023,JAKARTA PUSAT,KEMAYORAN,"257,370","35,697",Gelanggang Remaja Kecamatan Kemayoran,Gelanggang ,-615674,10686504,,,,,,
2023,JAKARTA PUSAT,KEMAYORAN,"257,370","35,697",Lapangan Ingub PORS Serdang,Sepak Bola,-616138,10686396,,,,,,
2023,JAKARTA PUSAT,SENEN,"125,133","28,353",Gelanggang Remaja Kota Administrasi Jakarta Pusat,Gelanggang ,-617544,1068439,,,,,,
2023,JAKARTA PUSAT,SENEN,"125,133","28,353",Gedung Olahraga (GOR) Jakarta Pusat,Gelanggang ,-617544,1068439,,,,,,
2023,JAKARTA PUSAT,SENEN,"125,133","28,353",Kolam Renang GR Jakarta Pusat,Renang,-617417,10684358,,,,,,
2023,JAKARTA PUSAT,SENEN,"125,133","28,353",Gelanggang Remaja Kota Administrasi Jakarta Pusat,Gelanggang ,-617544,1068439,,,,,,
2023,JAKARTA PUSAT,SENEN,"125,133","28,353",Kolam Renang GR Jakarta Pusat,Renang,-617417,10684358,,,,,,
2023,JAKARTA PUSAT,SENEN,"125,133","28,353",Gedung Olahraga (GOR) Jakarta Pusat,Gelanggang ,-617544,1068439,,,,,,
2023,JAKARTA PUSAT,CEMPAKA PUTIH,"98,714","20,931",Gelanggang Remaja Kecamatan Cempaka Putih,Gelanggang ,-617035,10687285,,,,,,
2023,JAKARTA PUSAT,CEMPAKA PUTIH,"98,714","20,931",Gelanggang Remaja Kecamatan Cempaka Putih,Gelanggang ,-617035,10687285,,,,,,
2023,JAKARTA PUSAT,MENTENG,"88,263","13,393",0,0,,,,,,,,
2023,JAKARTA PUSAT,TANAH ABANG,"175,111","17,271",Lapangan Sepakbola Pejompongan,Sepak Bola,"-62,071,702,282,514",1.06808E+14,,,,,,
2023,JAKARTA PUSAT,TANAH ABANG,"175,111","17,271",Lapangan Sepakbola Karet Tengsin,Sepak Bola,"-62,076,861,830,762",1.06813E+14,,,,,,
2023,JAKARTA PUSAT,TANAH ABANG,"175,111","17,271",Gelanggang Remaja Kecamatan Tanah Abang,Gelanggang ,-620928,10681318,,,,,,
2023,JAKARTA PUSAT,TANAH ABANG,"175,111","17,271",Gelanggang Remaja Kecamatan Tanah Abang,Gelanggang ,-620928,10681318,,,,,,
2023,JAKARTA PUSAT,TANAH ABANG,"175,111","17,271",Lapangan Sepakbola Karet Tengsin,Sepak Bola,"-62,076,861,830,762",1.06813E+14,,,,,,
2023,JAKARTA PUSAT,TANAH ABANG,"175,111","17,271",Lapangan Sepakbola Pejompongan,Sepak Bola,"-62,071,702,282,514",1.06808E+14,,,,,,
2023,JAKARTA PUSAT,JOHAR BARU,"140,465","58,750",Gelanggang Remaja Kecamatan Johar Baru,Gelanggang ,-618136,10685642,,,,,,
2023,JAKARTA PUSAT,JOHAR BARU,"140,465","58,750",Gelanggang Remaja Kecamatan Johar Baru,Gelanggang ,-618136,10685642,,,,,,
